id,first_name,last_name
1,Andrew,Gonzalez
2,Scarlett,Hall
3,Samantha,Smith
4,Joshua,Brown
5,John,Campbell
6,John,Parker
7,David,Hall
8,Grace,Perez
9,Samantha,Harris
10,Amelia,Garcia
11,Sarah,Turner
12,Joseph,Mitchell
13,William,Lee
14,Amelia,Williams
15,Samantha,Robinson
16,Evelyn,Smith
17,Ella,Williams
18,John,Phillips
19,Sophia,Robinson
20,Daniel,Carter
21,Isabella,Rodriguez
22,Joshua,Nelson
23,Henry,Turner
24,Ava,Evans
25,Scarlett,Brown
26,John,Nelson
27,Samantha,King
28,Matthew,Jones
29,Sarah,Baker
30,Michael,Carter
31,Olivia,Clark
32,Mia,Turner
33,Evelyn,King
34,Ryan,King
35,John,Turner
36,Grace,Johnson
37,Joshua,Rodriguez
38,Michael,Garcia
39,William,Perez
40,Brandon,Mitchell
41,Olivia,Robinson
42,Matthew,Clark
43,Joseph,Gonzalez
44,Ava,Campbell
45,Henry,Johnson
46,John,Baker
47,Mia,Smith
48,Joseph,Williams
49,James,Perez
50,Brandon,Carter
51,Daniel,King
52,Isabella,Jones
53,Brandon,Perez
54,Emily,Perez
55,Sarah,Williams
56,Matthew,Walker
57,Scarlett,Baker
58,Andrew,Rodriguez
59,Sarah,Perez
60,James,Clark
61,Michael,Martinez
62,Charlotte,Perez
63,Sarah,Evans
64,David,Roberts
65,Joshua,Mitchell
66,Amelia,Baker
67,Olivia,Jones
68,James,Perez
69,Sarah,Smith
70,Samantha,Baker
71,Brandon,Walker
72,Henry,Garcia
73,Joshua,Nelson
74,Henry,Jones
75,Brandon,Turner
76,Ava,King
77,Henry,Lee
78,Abigail,Brown
79,Grace,Walker
80,John,Lee
81,Alexander,Perez
82,Michael,Allen
83,Evelyn,Perez
84,Henry,Allen
85,Grace,Rodriguez
86,Henry,Young
87,Ryan,Martinez
88,Andrew,Williams
89,Abigail,Walker
90,Charles,Robinson
91,Andrew,Evans
92,Ella,Nelson
93,Sophia,Brown
94,Joshua,Martinez
95,Joshua,Gonzalez
96,David,Allen
97,Joshua,Evans
98,Ella,Roberts
99,Mia,Perez
100,Joseph,Gonzalez
